WKT,name
"POLYGON ((-123.1174000 33.0280000, -123.1174000 25.7840000, -115.7009000 25.7840000, -115.7009000 33.0280000, -123.1174000 33.0280000))","San Diego"
"POINT (-117.1222000 32.8313000)","San Diego city"
"POLYGON ((-123.1174000 33.4144750, -123.1174000 33.0280000, -115.7009000 33.0280000, -115.7009000 33.4144750, -123.1174000 33.4144750))","Oceanside"
"POINT (-117.3083000 33.2247000)","Oceanside city"
"POLYGON ((-115.7009000 32.3768000, -115.7009000 25.7840000, -108.4327000 25.7840000, -108.4327000 32.3768000, -115.7009000 32.3768000))","Tucson"
"POINT (-110.8787000 32.1541000)","Tucson city"
"POLYGON ((-115.7009000 33.4144750, -115.7009000 32.3768000, -108.4327000 32.3768000, -108.4327000 33.4144750, -115.7009000 33.4144750))","Yuma"
"POINT (-114.5491000 32.5995000)","Yuma city"
"POLYGON ((-123.1174000 33.8161500, -123.1174000 33.4144750, -117.9508250 33.4144750, -117.9508250 33.8161500, -123.1174000 33.8161500))","Long Beach"
"POINT (-118.1670000 33.7977000)","Long Beach city"
"POLYGON ((-123.1174000 33.8354372, -123.1174000 33.8161500, -117.9508250 33.8161500, -117.9508250 33.8354372, -123.1174000 33.8354372))","Torrance"
"POINT (-118.3416000 33.8346000)","Torrance city"
"POLYGON ((-117.9508250 33.6247000, -117.9508250 33.4144750, -108.4327000 33.4144750, -108.4327000 33.6247000, -117.9508250 33.6247000))","Phoenix"
"POINT (-112.0892000 33.5722000)","Phoenix city"
"POLYGON ((-117.9508250 33.8354372, -117.9508250 33.6247000, -108.4327000 33.6247000, -108.4327000 33.8354372, -117.9508250 33.8354372))","Irvine"
"POINT (-117.7738000 33.6772000)","Irvine city"
"POLYGON ((-108.4327000 31.9359500, -108.4327000 25.7840000, -100.5003500 25.7840000, -100.5003500 31.9359500, -108.4327000 31.9359500))","El Paso"
"POINT (-106.4300000 31.8476000)","El Paso city"
"POLYGON ((-108.4327000 32.0649000, -108.4327000 31.9359500, -100.5003500 31.9359500, -100.5003500 32.0649000, -108.4327000 32.0649000))","Midland"
"POINT (-102.1147000 32.0243000)","Midland city"
"POLYGON ((-100.5003500 28.5128500, -100.5003500 25.7840000, -98.4487277 25.7840000, -98.4487277 28.5128500, -100.5003500 28.5128500))","Laredo"
"POINT (-99.4874000 27.5625000)","Laredo city"
"POLYGON ((-100.5003500 32.0649000, -100.5003500 28.5128500, -98.4487277 28.5128500, -98.4487277 32.0649000, -100.5003500 32.0649000))","San Antonio"
"POINT (-98.5238000 29.4632000)","San Antonio city"
"POLYGON ((-108.4327000 33.8354372, -108.4327000 32.0649000, -103.2638500 32.0649000, -103.2638500 33.8354372, -108.4327000 33.8354372))","Las Cruces"
"POINT (-106.7893000 32.3265000)","Las Cruces city"
"POLYGON ((-103.2638500 33.0100000, -103.2638500 32.0649000, -98.4487277 32.0649000, -98.4487277 33.0100000, -103.2638500 33.0100000))","Abilene"
"POINT (-99.7384000 32.4543000)","Abilene city"
"POLYGON ((-103.2638500 33.8354372, -103.2638500 33.0100000, -98.4487277 33.0100000, -98.4487277 33.8354372, -103.2638500 33.8354372))","Lubbock"
"POINT (-101.8879000 33.5657000)","Lubbock city"
"POLYGON ((-123.1174000 34.7746500, -123.1174000 33.8354372, -118.7941500 33.8354372, -118.7941500 34.7746500, -123.1174000 34.7746500))","Oxnard"
"POINT (-119.1815000 34.1964000)","Oxnard city"
"POLYGON ((-123.1174000 35.9001500, -123.1174000 34.7746500, -118.7941500 34.7746500, -118.7941500 35.9001500, -123.1174000 35.9001500))","Bakersfield"
"POINT (-119.0359000 35.3529000)","Bakersfield city"
"POLYGON ((-118.7941500 34.2013500, -118.7941500 33.8354372, -118.2657813 33.8354372, -118.2657813 34.2013500, -118.7941500 34.2013500))","Los Angeles"
"POINT (-118.4068000 34.1141000)","Los Angeles city"
"POLYGON ((-118.7941500 35.9001500, -118.7941500 34.2013500, -118.2657813 34.2013500, -118.2657813 35.9001500, -118.7941500 35.9001500))","San Fernando"
"POINT (-118.4362000 34.2886000)","San Fernando city"
"POLYGON ((-123.1174000 37.4937000, -123.1174000 35.9001500, -121.7998500 35.9001500, -121.7998500 37.4937000, -123.1174000 37.4937000))","San Jose"
"POINT (-121.8480000 37.3012000)","San Jose city"
"POLYGON ((-123.1174000 37.6877057, -123.1174000 37.4937000, -121.7998500 37.4937000, -121.7998500 37.6877057, -123.1174000 37.6877057))","Daly City"
"POINT (-122.4685000 37.6862000)","Daly City city"
"POLYGON ((-121.7998500 36.7356500, -121.7998500 35.9001500, -118.2657813 35.9001500, -118.2657813 36.7356500, -121.7998500 36.7356500))","Salinas"
"POINT (-121.6317000 36.6883000)","Salinas city"
"POLYGON ((-121.7998500 37.6877057, -121.7998500 36.7356500, -118.2657813 36.7356500, -118.2657813 37.6877057, -121.7998500 37.6877057))","Fresno"
"POINT (-119.7939000 36.7830000)","Fresno city"
"POLYGON ((-118.2657813 33.9993500, -118.2657813 33.8354372, -117.7166500 33.8354372, -117.7166500 33.9993500, -118.2657813 33.9993500))","Anaheim"
"POINT (-117.8574000 33.8390000)","Anaheim city"
"POLYGON ((-118.2657813 34.6482000, -118.2657813 33.9993500, -117.7166500 33.9993500, -117.7166500 34.6482000, -118.2657813 34.6482000))","Pasadena"
"POINT (-118.1390000 34.1597000)","Pasadena city"
"POLYGON ((-117.7166500 34.0398500, -117.7166500 33.8354372, -98.4487277 33.8354372, -98.4487277 34.0398500, -117.7166500 34.0398500))","Riverside"
"POINT (-117.3949000 33.9381000)","Riverside city"
"POLYGON ((-117.7166500 34.6482000, -117.7166500 34.0398500, -98.4487277 34.0398500, -98.4487277 34.6482000, -117.7166500 34.6482000))","San Bernardino"
"POINT (-117.2943000 34.1416000)","San Bernardino city"
"POLYGON ((-118.2657813 36.6545500, -118.2657813 34.6482000, -110.9559500 34.6482000, -110.9559500 36.6545500, -118.2657813 36.6545500))","Las Vegas"
"POINT (-115.2654000 36.2333000)","Las Vegas city"
"POLYGON ((-118.2657813 37.6877057, -118.2657813 36.6545500, -110.9559500 36.6545500, -110.9559500 37.6877057, -118.2657813 37.6877057))","St. George"
"POINT (-113.5752000 37.0758000)","St. George city"
"POLYGON ((-110.9559500 37.6877057, -110.9559500 34.6482000, -98.4487277 34.6482000, -98.4487277 37.6877057, -110.9559500 37.6877057))","Albuquerque"
"POINT (-106.6465000 35.1054000)","Albuquerque city"
"POLYGON ((-98.4487277 28.7124000, -98.4487277 25.7840000, -96.1299500 25.7840000, -96.1299500 28.7124000, -98.4487277 28.7124000))","Corpus Christi"
"POINT (-97.3767000 27.7254000)","Corpus Christi city"
"POLYGON ((-98.4487277 30.2378250, -98.4487277 28.7124000, -96.1299500 28.7124000, -96.1299500 30.2378250, -98.4487277 30.2378250))","New Braunfels"
"POINT (-98.1148000 29.6994000)","New Braunfels city"
"POLYGON ((-96.1299500 29.9354500, -96.1299500 25.7840000, -93.1155000 25.7840000, -93.1155000 29.9354500, -96.1299500 29.9354500))","Houston"
"POINT (-95.3885000 29.7860000)","Houston city"
"POLYGON ((-96.1299500 30.2378250, -96.1299500 29.9354500, -93.1155000 29.9354500, -93.1155000 30.2378250, -96.1299500 30.2378250))","Beaumont"
"POINT (-94.1451000 30.0849000)","Beaumont city"
"POLYGON ((-98.4487277 30.6879000, -98.4487277 30.2378250, -96.6173000 30.2378250, -96.6173000 30.6879000, -98.4487277 30.6879000))","Austin"
"POINT (-97.7522000 30.3005000)","Austin city"
"POLYGON ((-98.4487277 32.3165219, -98.4487277 30.6879000, -96.6173000 30.6879000, -96.6173000 32.3165219, -98.4487277 32.3165219))","Killeen"
"POINT (-97.7297000 31.0753000)","Killeen city"
"POLYGON ((-96.6173000 30.4545000, -96.6173000 30.2378250, -93.1155000 30.2378250, -93.1155000 30.4545000, -96.6173000 30.4545000))","Conroe"
"POINT (-95.4824000 30.3238000)","Conroe city"
"POLYGON ((-96.6173000 32.3165219, -96.6173000 30.4545000, -93.1155000 30.4545000, -93.1155000 32.3165219, -96.6173000 32.3165219))","College Station"
"POINT (-96.2959000 30.5852000)","College Station city"
"POLYGON ((-93.1155000 30.2639250, -93.1155000 25.7840000, -90.9806500 25.7840000, -90.9806500 30.2639250, -93.1155000 30.2639250))","Lafayette"
"POINT (-92.0325000 30.2082000)","Lafayette city"
"POLYGON ((-90.9806500 29.8243500, -90.9806500 25.7840000, -87.6894051 25.7840000, -87.6894051 29.8243500, -90.9806500 29.8243500))","Houma"
"POINT (-90.7059000 29.5800000)","Houma city"
"POLYGON ((-90.9806500 30.2639250, -90.9806500 29.8243500, -87.6894051 29.8243500, -87.6894051 30.2639250, -90.9806500 30.2639250))","New Orleans"
"POINT (-89.9288000 30.0687000)","New Orleans city"
"POLYGON ((-93.1155000 31.3788500, -93.1155000 30.2639250, -89.6236500 30.2639250, -89.6236500 31.3788500, -93.1155000 31.3788500))","Baton Rouge"
"POINT (-91.1311000 30.4420000)","Baton Rouge city"
"POLYGON ((-93.1155000 32.3165219, -93.1155000 31.3788500, -89.6236500 31.3788500, -89.6236500 32.3165219, -93.1155000 32.3165219))","Jackson"
"POINT (-90.2125000 32.3157000)","Jackson city"
"POLYGON ((-89.6236500 30.5528000, -89.6236500 30.2639250, -87.6894051 30.2639250, -87.6894051 30.5528000, -89.6236500 30.5528000))","Gulfport"
"POINT (-89.0704000 30.4274000)","Gulfport city"
"POLYGON ((-89.6236500 32.3165219, -89.6236500 30.5528000, -87.6894051 30.5528000, -87.6894051 32.3165219, -89.6236500 32.3165219))","Mobile"
"POINT (-88.1162000 30.6782000)","Mobile city"
"POLYGON ((-98.4487277 32.9996000, -98.4487277 32.3165219, -96.8371000 32.3165219, -96.8371000 32.9996000, -98.4487277 32.9996000))","Fort Worth"
"POINT (-97.3474000 32.7817000)","Fort Worth city"
"POLYGON ((-98.4487277 34.2233500, -98.4487277 32.9996000, -96.8371000 32.9996000, -96.8371000 34.2233500, -98.4487277 34.2233500))","Denton"
"POINT (-97.1418000 33.2175000)","Denton city"
"POLYGON ((-96.8371000 32.5559500, -96.8371000 32.3165219, -94.8259000 32.3165219, -94.8259000 32.5559500, -96.8371000 32.5559500))","Tyler"
"POINT (-95.3062000 32.3184000)","Tyler city"
"POLYGON ((-96.8371000 34.2233500, -96.8371000 32.5559500, -94.8259000 32.5559500, -94.8259000 34.2233500, -96.8371000 34.2233500))","Dallas"
"POINT (-96.7667000 32.7935000)","Dallas city"
"POLYGON ((-98.4487277 35.0425500, -98.4487277 34.2233500, -97.1622000 34.2233500, -97.1622000 35.0425500, -98.4487277 35.0425500))","Lawton"
"POINT (-98.4202000 34.6175000)","Lawton city"
"POLYGON ((-98.4487277 37.6877057, -98.4487277 35.0425500, -97.1622000 35.0425500, -97.1622000 37.6877057, -98.4487277 37.6877057))","Oklahoma City"
"POINT (-97.5136000 35.4676000)","Oklahoma City city"
"POLYGON ((-97.1622000 37.6877057, -97.1622000 34.2233500, -94.8259000 34.2233500, -94.8259000 37.6877057, -97.1622000 37.6877057))","Tulsa"
"POINT (-95.9042000 36.1283000)","Tulsa city"
"POLYGON ((-94.8259000 33.5954500, -94.8259000 32.3165219, -91.8809000 32.3165219, -91.8809000 33.5954500, -94.8259000 33.5954500))","Shreveport"
"POINT (-93.7955000 32.4653000)","Shreveport city"
"POLYGON ((-94.8259000 35.1253625, -94.8259000 33.5954500, -91.8809000 33.5954500, -91.8809000 35.1253625, -94.8259000 35.1253625))","Little Rock"
"POINT (-92.3577000 34.7256000)","Little Rock city"
"POLYGON ((-91.8809000 35.0300500, -91.8809000 32.3165219, -87.6894051 32.3165219, -87.6894051 35.0300500, -91.8809000 35.0300500))","Southaven"
"POINT (-89.9786000 34.9514000)","Southaven city"
"POLYGON ((-91.8809000 35.1253625, -91.8809000 35.0300500, -87.6894051 35.0300500, -87.6894051 35.1253625, -91.8809000 35.1253625))","Memphis"
"POINT (-89.9663000 35.1087000)","Memphis city"
"POLYGON ((-94.8259000 36.2719000, -94.8259000 35.1253625, -91.6024500 35.1253625, -91.6024500 36.2719000, -94.8259000 36.2719000))","Fort Smith"
"POINT (-94.3695000 35.3495000)","Fort Smith city"
"POLYGON ((-94.8259000 37.6877057, -94.8259000 36.2719000, -91.6024500 36.2719000, -91.6024500 37.6877057, -94.8259000 37.6877057))","Springfield"
"POINT (-93.2916000 37.1943000)","Springfield city"
"POLYGON ((-91.6024500 35.7375000, -91.6024500 35.1253625, -87.6894051 35.1253625, -87.6894051 35.7375000, -91.6024500 35.7375000))","Jackson"
"POINT (-88.8354000 35.6538000)","Jackson city"
"POLYGON ((-91.6024500 37.6877057, -91.6024500 35.7375000, -87.6894051 35.7375000, -87.6894051 37.6877057, -91.6024500 37.6877057))","Jonesboro"
"POINT (-90.6791000 35.8212000)","Jonesboro city"
"POLYGON ((-123.1174000 37.7731000, -123.1174000 37.6877057, -122.1614000 37.6877057, -122.1614000 37.7731000, -123.1174000 37.7731000))","San Francisco"
"POINT (-122.4449000 37.7558000)","San Francisco city"
"POLYGON ((-123.1174000 38.2563000, -123.1174000 37.7731000, -122.1614000 37.7731000, -122.1614000 38.2563000, -123.1174000 38.2563000))","Oakland"
"POINT (-122.2166000 37.7904000)","Oakland city"
"POLYGON ((-122.1614000 37.9743500, -122.1614000 37.6877057, -115.9539000 37.6877057, -115.9539000 37.9743500, -122.1614000 37.9743500))","Concord"
"POINT (-122.0016000 37.9722000)","Concord city"
"POLYGON ((-122.1614000 38.2563000, -122.1614000 37.9743500, -115.9539000 37.9743500, -115.9539000 38.2563000, -122.1614000 38.2563000))","Stockton"
"POINT (-121.3109000 37.9765000)","Stockton city"
"POLYGON ((-123.1174000 39.1018000, -123.1174000 38.2563000, -121.6348000 38.2563000, -121.6348000 39.1018000, -123.1174000 39.1018000))","Santa Rosa"
"POINT (-122.7067000 38.4458000)","Santa Rosa city"
"POLYGON ((-123.1174000 40.8075000, -123.1174000 39.1018000, -121.6348000 39.1018000, -121.6348000 40.8075000, -123.1174000 40.8075000))","Chico"
"POINT (-121.8161000 39.7578000)","Chico city"
"POLYGON ((-121.6348000 39.0587000, -121.6348000 38.2563000, -115.9539000 38.2563000, -115.9539000 39.0587000, -121.6348000 39.0587000))","Sacramento"
"POINT (-121.4685000 38.5677000)","Sacramento city"
"POLYGON ((-121.6348000 40.8075000, -121.6348000 39.0587000, -115.9539000 39.0587000, -115.9539000 40.8075000, -121.6348000 40.8075000))","Reno"
"POINT (-119.8483000 39.5497000)","Reno city"
"POLYGON ((-115.9539000 38.4672500, -115.9539000 37.6877057, -97.3951875 37.6877057, -97.3951875 38.4672500, -115.9539000 38.4672500))","Hutchinson"
"POINT (-97.9081000 38.0671000)","Hutchinson city"
"POLYGON ((-115.9539000 39.2335500, -115.9539000 38.4672500, -97.3951875 38.4672500, -97.3951875 39.2335500, -115.9539000 39.2335500))","Colorado Springs"
"POINT (-104.7605000 38.8674000)","Colorado Springs city"
"POLYGON ((-97.3951875 38.3620500, -97.3951875 37.6877057, -95.4938844 37.6877057, -95.4938844 38.3620500, -97.3951875 38.3620500))","Wichita"
"POINT (-97.3443000 37.6895000)","Wichita city"
"POLYGON ((-97.3951875 39.2335500, -97.3951875 38.3620500, -95.4938844 38.3620500, -95.4938844 39.2335500, -97.3951875 39.2335500))","Topeka"
"POINT (-95.6955000 39.0346000)","Topeka city"
"POLYGON ((-115.9539000 40.8075000, -115.9539000 39.2335500, -108.4034500 39.2335500, -108.4034500 40.8075000, -115.9539000 40.8075000))","Salt Lake City"
"POINT (-111.9311000 40.7776000)","Salt Lake City city"
"POLYGON ((-108.4034500 40.1548500, -108.4034500 39.2335500, -95.4938844 39.2335500, -95.4938844 40.1548500, -108.4034500 40.1548500))","Denver"
"POINT (-104.8758000 39.7620000)","Denver city"
"POLYGON ((-108.4034500 40.8075000, -108.4034500 40.1548500, -95.4938844 40.1548500, -95.4938844 40.8075000, -108.4034500 40.8075000))","Fort Collins"
"POINT (-105.0656000 40.5477000)","Fort Collins city"
"POLYGON ((-123.1174000 44.7967500, -123.1174000 40.8075000, -122.6449211 40.8075000, -122.6449211 44.7967500, -123.1174000 44.7967500))","Eugene"
"POINT (-123.1174000 44.0564000)","Eugene city"
"POLYGON ((-123.1174000 45.6393500, -123.1174000 44.7967500, -122.6449211 44.7967500, -122.6449211 45.6393500, -123.1174000 45.6393500))","Portland"
"POINT (-122.6500000 45.5371000)","Portland city"
"POLYGON ((-122.6449211 44.6241000, -122.6449211 40.8075000, -109.5851500 40.8075000, -109.5851500 44.6241000, -122.6449211 44.6241000))","Meridian"
"POINT (-116.3977000 43.6116000)","Meridian city"
"POLYGON ((-122.6449211 45.6393500, -122.6449211 44.6241000, -109.5851500 44.6241000, -109.5851500 45.6393500, -122.6449211 45.6393500))","Vancouver"
"POINT (-122.5967000 45.6366000)","Vancouver city"
"POLYGON ((-123.1174000 47.4321000, -123.1174000 45.6393500, -122.2962219 45.6393500, -122.2962219 47.4321000, -123.1174000 47.4321000))","Tacoma"
"POINT (-122.4531000 47.2431000)","Tacoma city"
"POLYGON ((-123.1174000 48.3822000, -123.1174000 47.4321000, -122.2962219 47.4321000, -122.2962219 48.3822000, -123.1174000 48.3822000))","Seattle"
"POINT (-122.3244000 47.6211000)","Seattle city"
"POLYGON ((-122.2962219 47.6311000, -122.2962219 45.6393500, -109.5851500 45.6393500, -109.5851500 47.6311000, -122.2962219 47.6311000))","Bellevue"
"POINT (-122.1535000 47.5951000)","Bellevue city"
"POLYGON ((-122.2962219 48.3822000, -122.2962219 47.6311000, -109.5851500 47.6311000, -109.5851500 48.3822000, -122.2962219 48.3822000))","Spokane"
"POINT (-117.4330000 47.6671000)","Spokane city"
"POLYGON ((-109.5851500 42.4076250, -109.5851500 40.8075000, -100.4215500 40.8075000, -100.4215500 42.4076250, -109.5851500 42.4076250))","Cheyenne"
"POINT (-104.7902000 41.1350000)","Cheyenne city"
"POLYGON ((-100.4215500 41.0922500, -100.4215500 40.8075000, -95.4938844 40.8075000, -95.4938844 41.0922500, -100.4215500 41.0922500))","Grand Island"
"POINT (-98.3586000 40.9218000)","Grand Island city"
"POLYGON ((-100.4215500 42.4076250, -100.4215500 41.0922500, -95.4938844 41.0922500, -95.4938844 42.4076250, -100.4215500 42.4076250))","Omaha"
"POINT (-96.0529000 41.2627000)","Omaha city"
"POLYGON ((-109.5851500 46.3271000, -109.5851500 42.4076250, -96.7701781 42.4076250, -96.7701781 46.3271000, -109.5851500 46.3271000))","Billings"
"POINT (-108.5526000 45.7891000)","Billings city"
"POLYGON ((-109.5851500 48.3822000, -109.5851500 46.3271000, -96.7701781 46.3271000, -96.7701781 48.3822000, -109.5851500 48.3822000))","Fargo"
"POINT (-96.8292000 46.8651000)","Fargo city"
"POLYGON ((-96.7701781 43.0177500, -96.7701781 42.4076250, -95.4938844 42.4076250, -95.4938844 43.0177500, -96.7701781 43.0177500))","Sioux City"
"POINT (-96.3901000 42.4959000)","Sioux City city"
"POLYGON ((-96.7701781 48.3822000, -96.7701781 43.0177500, -95.4938844 43.0177500, -95.4938844 48.3822000, -96.7701781 48.3822000))","Sioux Falls"
"POINT (-96.7311000 43.5396000)","Sioux Falls city"
"POLYGON ((-95.4938844 38.7964500, -95.4938844 37.6877057, -92.7022500 37.6877057, -92.7022500 38.7964500, -95.4938844 38.7964500))","Sedalia"
"POINT (-93.2340000 38.7059000)","Sedalia city"
"POLYGON ((-95.4938844 39.1134375, -95.4938844 38.7964500, -92.7022500 38.7964500, -92.7022500 39.1134375, -95.4938844 39.1134375))","Overland Park"
"POINT (-94.6870000 38.8870000)","Overland Park city"
"POLYGON ((-92.7022500 38.8661000, -92.7022500 37.6877057, -90.3571875 37.6877057, -90.3571875 38.8661000, -92.7022500 38.8661000))","O'Fallon"
"POINT (-90.7175000 38.7850000)","O'Fallon city"
"POLYGON ((-92.7022500 39.1134375, -92.7022500 38.8661000, -90.3571875 38.8661000, -90.3571875 39.1134375, -92.7022500 39.1134375))","Columbia"
"POINT (-92.3268000 38.9472000)","Columbia city"
"POLYGON ((-95.4938844 40.3481500, -95.4938844 39.1134375, -92.5797000 39.1134375, -92.5797000 40.3481500, -95.4938844 40.3481500))","Kansas City"
"POINT (-94.5541000 39.1238000)","Kansas City city"
"POLYGON ((-95.4938844 41.9848453, -95.4938844 40.3481500, -92.5797000 40.3481500, -92.5797000 41.9848453, -95.4938844 41.9848453))","Des Moines"
"POINT (-93.6105000 41.5725000)","Des Moines city"
"POLYGON ((-92.5797000 41.7613500, -92.5797000 39.1134375, -90.3571875 39.1134375, -90.3571875 41.7613500, -92.5797000 41.7613500))","Davenport"
"POINT (-90.6053000 41.5565000)","Davenport city"
"POLYGON ((-92.5797000 41.9848453, -92.5797000 41.7613500, -90.3571875 41.7613500, -90.3571875 41.9848453, -92.5797000 41.9848453))","Cedar Rapids"
"POINT (-91.6783000 41.9662000)","Cedar Rapids city"
"POLYGON ((-90.3571875 38.5761500, -90.3571875 37.6877057, -89.9495500 37.6877057, -89.9495500 38.5761500, -90.3571875 38.5761500))","Belleville"
"POINT (-89.9900000 38.5164000)","Belleville city"
"POLYGON ((-90.3571875 40.1804500, -90.3571875 38.5761500, -89.9495500 38.5761500, -89.9495500 40.1804500, -90.3571875 40.1804500))","St. Louis"
"POINT (-90.2451000 38.6359000)","St. Louis city"
"POLYGON ((-89.9495500 40.1804500, -89.9495500 37.6877057, -87.6894051 37.6877057, -87.6894051 40.1804500, -89.9495500 40.1804500))","Springfield"
"POINT (-89.6540000 39.7709000)","Springfield city"
"POLYGON ((-90.3571875 41.2579000, -90.3571875 40.1804500, -88.2233250 40.1804500, -88.2233250 41.2579000, -90.3571875 41.2579000))","Peoria"
"POINT (-89.6154000 40.7520000)","Peoria city"
"POLYGON ((-90.3571875 41.9848453, -90.3571875 41.2579000, -88.2233250 41.2579000, -88.2233250 41.9848453, -90.3571875 41.9848453))","Aurora"
"POINT (-88.2902000 41.7638000)","Aurora city"
"POLYGON ((-88.2233250 41.6816500, -88.2233250 40.1804500, -87.6894051 40.1804500, -87.6894051 41.6816500, -88.2233250 41.6816500))","Joliet"
"POINT (-88.1499000 41.5188000)","Joliet city"
"POLYGON ((-88.2233250 41.9848453, -88.2233250 41.6816500, -87.6894051 41.6816500, -87.6894051 41.9848453, -88.2233250 41.9848453))","Cicero"
"POINT (-87.7593000 41.8445000)","Cicero city"
"POLYGON ((-95.4938844 43.9130500, -95.4938844 41.9848453, -93.1552500 41.9848453, -93.1552500 43.9130500, -95.4938844 43.9130500))","Mason City"
"POINT (-93.1997000 43.1487000)","Mason City city"
"POLYGON ((-95.4938844 44.9621500, -95.4938844 43.9130500, -93.1552500 43.9130500, -93.1552500 44.9621500, -95.4938844 44.9621500))","Lakeville"
"POINT (-93.2520000 44.6774000)","Lakeville city"
"POLYGON ((-93.1552500 44.4816000, -93.1552500 41.9848453, -91.8113625 41.9848453, -91.8113625 44.4816000, -93.1552500 44.4816000))","Rochester"
"POINT (-92.4780000 44.0154000)","Rochester city"
"POLYGON ((-93.1552500 44.9621500, -93.1552500 44.4816000, -91.8113625 44.4816000, -91.8113625 44.9621500, -93.1552500 44.9621500))","St. Paul"
"POINT (-93.1039000 44.9478000)","St. Paul city"
"POLYGON ((-95.4938844 45.3226000, -95.4938844 44.9621500, -93.2825813 44.9621500, -93.2825813 45.3226000, -95.4938844 45.3226000))","Brooklyn Park"
"POINT (-93.3505000 45.1112000)","Brooklyn Park city"
"POLYGON ((-95.4938844 48.3822000, -95.4938844 45.3226000, -93.2825813 45.3226000, -93.2825813 48.3822000, -95.4938844 48.3822000))","St. Cloud"
"POINT (-94.1718000 45.5340000)","St. Cloud city"
"POLYGON ((-93.2825813 45.8695500, -93.2825813 44.9621500, -91.8113625 44.9621500, -91.8113625 45.8695500, -93.2825813 45.8695500))","Minneapolis"
"POINT (-93.2678000 44.9635000)","Minneapolis city"
"POLYGON ((-93.2825813 48.3822000, -93.2825813 45.8695500, -91.8113625 45.8695500, -91.8113625 48.3822000, -93.2825813 48.3822000))","Duluth"
"POINT (-92.1393000 46.7756000)","Duluth city"
"POLYGON ((-91.8113625 42.5602500, -91.8113625 41.9848453, -88.2562250 41.9848453, -88.2562250 42.5602500, -91.8113625 42.5602500))","Elgin"
"POINT (-88.3240000 42.0383000)","Elgin city"
"POLYGON ((-91.8113625 43.6242750, -91.8113625 42.5602500, -88.2562250 42.5602500, -88.2562250 43.6242750, -91.8113625 43.6242750))","Madison"
"POINT (-89.3930000 43.0822000)","Madison city"
"POLYGON ((-88.2562250 42.8253500, -88.2562250 41.9848453, -87.6894051 41.9848453, -87.6894051 42.8253500, -88.2562250 42.8253500))","Kenosha"
"POINT (-87.8773000 42.5865000)","Kenosha city"
"POLYGON ((-88.2562250 43.6242750, -88.2562250 42.8253500, -87.6894051 42.8253500, -87.6894051 43.6242750, -88.2562250 43.6242750))","Milwaukee"
"POINT (-87.9675000 43.0642000)","Milwaukee city"
"POLYGON ((-91.8113625 48.3822000, -91.8113625 43.6242750, -89.7421500 43.6242750, -89.7421500 48.3822000, -91.8113625 48.3822000))","Eau Claire"
"POINT (-91.4948000 44.8197000)","Eau Claire city"
"POLYGON ((-89.7421500 46.4485000, -89.7421500 43.6242750, -87.6894051 43.6242750, -87.6894051 46.4485000, -89.7421500 46.4485000))","Green Bay"
"POINT (-87.9895000 44.5148000)","Green Bay city"
"POLYGON ((-89.7421500 48.3822000, -89.7421500 46.4485000, -87.6894051 46.4485000, -87.6894051 48.3822000, -89.7421500 48.3822000))","Thunder Bay"
"POINT (-89.2461000 48.3822000)","Thunder Bay city"
"POLYGON ((-87.6894051 32.9380500, -87.6894051 25.7840000, -85.4866500 25.7840000, -85.4866500 32.9380500, -87.6894051 32.9380500))","Montgomery"
"POINT (-86.2668000 32.3482000)","Montgomery city"
"POLYGON ((-87.6894051 33.6250937, -87.6894051 32.9380500, -85.4866500 32.9380500, -85.4866500 33.6250937, -87.6894051 33.6250937))","Birmingham"
"POINT (-86.7971000 33.5279000)","Birmingham city"
"POLYGON ((-85.4866500 31.0163500, -85.4866500 25.7840000, -83.8431625 25.7840000, -83.8431625 31.0163500, -85.4866500 31.0163500))","Tallahassee"
"POINT (-84.2527000 30.4551000)","Tallahassee city"
"POLYGON ((-85.4866500 33.6250937, -85.4866500 31.0163500, -83.8431625 31.0163500, -83.8431625 33.6250937, -85.4866500 33.6250937))","Albany"
"POINT (-84.1762000 31.5776000)","Albany city"
"POLYGON ((-87.6894051 34.8820500, -87.6894051 33.6250937, -84.9237750 33.6250937, -84.9237750 34.8820500, -87.6894051 34.8820500))","Huntsville"
"POINT (-86.6412000 34.6981000)","Huntsville city"
"POLYGON ((-87.6894051 35.1907250, -87.6894051 34.8820500, -84.9237750 34.8820500, -84.9237750 35.1907250, -87.6894051 35.1907250))","Chattanooga"
"POINT (-85.2481000 35.0660000)","Chattanooga city"
"POLYGON ((-84.9237750 33.9009500, -84.9237750 33.6250937, -83.8431625 33.6250937, -83.8431625 33.9009500, -84.9237750 33.9009500))","Atlanta"
"POINT (-84.4220000 33.7628000)","Atlanta city"
"POLYGON ((-84.9237750 35.1907250, -84.9237750 33.9009500, -83.8431625 33.9009500, -83.8431625 35.1907250, -84.9237750 35.1907250))","Roswell"
"POINT (-84.3513000 34.0391000)","Roswell city"
"POLYGON ((-83.8431625 27.8938000, -83.8431625 25.7840000, -82.4314500 25.7840000, -82.4314500 27.8938000, -83.8431625 27.8938000))","St. Petersburg"
"POINT (-82.6652000 27.7931000)","St. Petersburg city"
"POLYGON ((-83.8431625 30.9465000, -83.8431625 27.8938000, -82.4314500 27.8938000, -82.4314500 30.9465000, -83.8431625 30.9465000))","Tampa"
"POINT (-82.4447000 27.9945000)","Tampa city"
"POLYGON ((-82.4314500 28.3690000, -82.4314500 25.7840000, -81.9986227 25.7840000, -81.9986227 28.3690000, -82.4314500 28.3690000))","North Port"
"POINT (-82.1977000 27.0576000)","North Port city"
"POLYGON ((-82.4314500 30.9465000, -82.4314500 28.3690000, -81.9986227 28.3690000, -81.9986227 30.9465000, -82.4314500 30.9465000))","Gainesville"
"POINT (-82.3459000 29.6804000)","Gainesville city"
"POLYGON ((-83.8431625 35.1907250, -83.8431625 30.9465000, -82.8841000 30.9465000, -82.8841000 35.1907250, -83.8431625 35.1907250))","Macon"
"POINT (-83.6974000 32.8065000)","Macon city"
"POLYGON ((-82.8841000 34.0999500, -82.8841000 30.9465000, -81.9986227 30.9465000, -81.9986227 34.0999500, -82.8841000 34.0999500))","Augusta"
"POINT (-82.0708000 33.3645000)","Augusta city"
"POLYGON ((-82.8841000 35.1907250, -82.8841000 34.0999500, -81.9986227 34.0999500, -81.9986227 35.1907250, -82.8841000 35.1907250))","Greenville"
"POINT (-82.3646000 34.8354000)","Greenville city"
"POLYGON ((-87.6894051 37.2786500, -87.6894051 35.1907250, -86.9859500 35.1907250, -86.9859500 37.2786500, -87.6894051 37.2786500))","Clarksville"
"POINT (-87.3413000 36.5692000)","Clarksville city"
"POLYGON ((-87.6894051 38.0306375, -87.6894051 37.2786500, -86.9859500 37.2786500, -86.9859500 38.0306375, -87.6894051 38.0306375))","Evansville"
"POINT (-87.5341000 37.9881000)","Evansville city"
"POLYGON ((-86.9859500 36.5715500, -86.9859500 35.1907250, -84.3434656 35.1907250, -84.3434656 36.5715500, -86.9859500 36.5715500))","Nashville"
"POINT (-86.7842000 36.1715000)","Nashville city"
"POLYGON ((-86.9859500 38.0306375, -86.9859500 36.5715500, -84.3434656 36.5715500, -84.3434656 38.0306375, -86.9859500 38.0306375))","Bowling Green"
"POINT (-86.4378000 36.9716000)","Bowling Green city"
"POLYGON ((-87.6894051 38.9717000, -87.6894051 38.0306375, -85.3022500 38.0306375, -85.3022500 38.9717000, -87.6894051 38.9717000))","Louisville"
"POINT (-85.6485000 38.1663000)","Louisville city"
"POLYGON ((-87.6894051 40.0777602, -87.6894051 38.9717000, -85.3022500 38.9717000, -85.3022500 40.0777602, -87.6894051 40.0777602))","Indianapolis"
"POINT (-86.1458000 39.7771000)","Indianapolis city"
"POLYGON ((-85.3022500 38.5918000, -85.3022500 38.0306375, -84.3434656 38.0306375, -84.3434656 38.5918000, -85.3022500 38.5918000))","Lexington"
"POINT (-84.4587000 38.0423000)","Lexington city"
"POLYGON ((-85.3022500 40.0777602, -85.3022500 38.5918000, -84.3434656 38.5918000, -84.3434656 40.0777602, -85.3022500 40.0777602))","Cincinnati"
"POINT (-84.5060000 39.1413000)","Cincinnati city"
"POLYGON ((-84.3434656 37.8206500, -84.3434656 35.1907250, -83.0550000 35.1907250, -83.0550000 37.8206500, -84.3434656 37.8206500))","Knoxville"
"POINT (-83.9496000 35.9692000)","Knoxville city"
"POLYGON ((-83.0550000 36.0944000, -83.0550000 35.1907250, -81.9986227 35.1907250, -81.9986227 36.0944000, -83.0550000 36.0944000))","Asheville"
"POINT (-82.5537000 35.5707000)","Asheville city"
"POLYGON ((-83.0550000 37.8206500, -83.0550000 36.0944000, -81.9986227 36.0944000, -81.9986227 37.8206500, -83.0550000 37.8206500))","Bristol"
"POINT (-82.1604000 36.6181000)","Bristol city"
"POLYGON ((-84.3434656 39.8833500, -84.3434656 37.8206500, -82.8688250 37.8206500, -82.8688250 39.8833500, -84.3434656 39.8833500))","Dayton"
"POINT (-84.2003000 39.7805000)","Dayton city"
"POLYGON ((-84.3434656 40.0777602, -84.3434656 39.8833500, -82.8688250 39.8833500, -82.8688250 40.0777602, -84.3434656 40.0777602))","Columbus"
"POINT (-82.9855000 39.9862000)","Columbus city"
"POLYGON ((-82.8688250 39.2649000, -82.8688250 37.8206500, -81.9986227 37.8206500, -81.9986227 39.2649000, -82.8688250 39.2649000))","Ashland"
"POINT (-82.6448000 38.4592000)","Ashland city"
"POLYGON ((-82.8688250 40.0777602, -82.8688250 39.2649000, -81.9986227 39.2649000, -81.9986227 40.0777602, -82.8688250 40.0777602))","Newark"
"POINT (-82.4250000 40.0706000)","Newark city"
"POLYGON ((-81.9986227 27.3500000, -81.9986227 25.7840000, -81.6047000 25.7840000, -81.6047000 27.3500000, -81.9986227 27.3500000))","Cape Coral"
"POINT (-81.9957000 26.6443000)","Cape Coral city"
"POLYGON ((-81.9986227 29.8558000, -81.9986227 27.3500000, -81.6047000 27.3500000, -81.6047000 29.8558000, -81.9986227 29.8558000))","Lakeland"
"POINT (-81.9545000 28.0557000)","Lakeland city"
"POLYGON ((-81.6047000 28.6911500, -81.6047000 25.7840000, -80.5520438 25.7840000, -80.5520438 28.6911500, -81.6047000 28.6911500))","Orlando"
"POINT (-81.3370000 28.4773000)","Orlando city"
"POLYGON ((-81.6047000 29.8558000, -81.6047000 28.6911500, -80.5520438 28.6911500, -80.5520438 29.8558000, -81.6047000 29.8558000))","Deltona"
"POINT (-81.2137000 28.9050000)","Deltona city"
"POLYGON ((-81.9986227 31.1804000, -81.9986227 29.8558000, -81.0414500 29.8558000, -81.0414500 31.1804000, -81.9986227 31.1804000))","Jacksonville"
"POINT (-81.6749000 30.3322000)","Jacksonville city"
"POLYGON ((-81.9986227 36.0319375, -81.9986227 31.1804000, -81.0414500 31.1804000, -81.0414500 36.0319375, -81.9986227 36.0319375))","Savannah"
"POINT (-81.1821000 32.0286000)","Savannah city"
"POLYGON ((-81.0414500 34.6230500, -81.0414500 29.8558000, -80.5520438 29.8558000, -80.5520438 34.6230500, -81.0414500 34.6230500))","Columbia"
"POINT (-80.9036000 34.0378000)","Columbia city"
"POLYGON ((-81.0414500 36.0319375, -81.0414500 34.6230500, -80.5520438 34.6230500, -80.5520438 36.0319375, -81.0414500 36.0319375))","Charlotte"
"POINT (-80.8303000 35.2083000)","Charlotte city"
"POLYGON ((-80.5520438 26.5318000, -80.5520438 25.7840000, -80.1961000 25.7840000, -80.1961000 26.5318000, -80.5520438 26.5318000))","Miami"
"POINT (-80.2101000 25.7840000)","Miami city"
"POLYGON ((-80.5520438 30.8082000, -80.5520438 26.5318000, -80.1961000 26.5318000, -80.1961000 30.8082000, -80.5520438 30.8082000))","Port St. Lucie"
"POINT (-80.3884000 27.2796000)","Port St. Lucie city"
"POLYGON ((-80.1961000 26.4440500, -80.1961000 25.7840000, -66.0761000 25.7840000, -66.0761000 26.4440500, -80.1961000 26.4440500))","Fort Lauderdale"
"POINT (-80.1464000 26.1412000)","Fort Lauderdale city"
"POLYGON ((-80.1961000 30.8082000, -80.1961000 26.4440500, -66.0761000 26.4440500, -66.0761000 30.8082000, -80.1961000 30.8082000))","West Palm Beach"
"POINT (-80.1320000 26.7469000)","West Palm Beach city"
"POLYGON ((-80.5520438 33.9509000, -80.5520438 30.8082000, -78.6723500 30.8082000, -78.6723500 33.9509000, -80.5520438 33.9509000))","Charleston"
"POINT (-79.9687000 32.8168000)","Charleston city"
"POLYGON ((-80.5520438 36.0319375, -80.5520438 33.9509000, -78.6723500 33.9509000, -78.6723500 36.0319375, -80.5520438 36.0319375))","Fayetteville"
"POINT (-78.9772000 35.0850000)","Fayetteville city"
"POLYGON ((-78.6723500 35.7133500, -78.6723500 30.8082000, -66.0761000 30.8082000, -66.0761000 35.7133500, -78.6723500 35.7133500))","Greenville"
"POINT (-77.3760000 35.5943000)","Greenville city"
"POLYGON ((-78.6723500 36.0319375, -78.6723500 35.7133500, -66.0761000 35.7133500, -66.0761000 36.0319375, -78.6723500 36.0319375))","Raleigh"
"POINT (-78.6429000 35.8324000)","Raleigh city"
"POLYGON ((-81.9986227 36.6870500, -81.9986227 36.0319375, -79.3374750 36.0319375, -79.3374750 36.6870500, -81.9986227 36.6870500))","Greensboro"
"POINT (-79.8271000 36.0956000)","Greensboro city"
"POLYGON ((-81.9986227 37.6355500, -81.9986227 36.6870500, -79.3374750 36.6870500, -79.3374750 37.6355500, -81.9986227 37.6355500))","Roanoke"
"POINT (-79.9581000 37.2785000)","Roanoke city"
"POLYGON ((-79.3374750 37.4649000, -79.3374750 36.0319375, -76.9654500 36.0319375, -76.9654500 37.4649000, -79.3374750 37.4649000))","Lynchburg"
"POINT (-79.1909000 37.4003000)","Lynchburg city"
"POLYGON ((-79.3374750 37.6355500, -79.3374750 37.4649000, -76.9654500 37.4649000, -76.9654500 37.6355500, -79.3374750 37.6355500))","Richmond"
"POINT (-77.4756000 37.5295000)","Richmond city"
"POLYGON ((-81.9986227 38.7619500, -81.9986227 37.6355500, -77.1605469 37.6355500, -77.1605469 38.7619500, -81.9986227 38.7619500))","Charleston"
"POINT (-81.6322000 38.3484000)","Charleston city"
"POLYGON ((-81.9986227 40.0777602, -81.9986227 38.7619500, -77.1605469 38.7619500, -77.1605469 40.0777602, -81.9986227 40.0777602))","Germantown"
"POINT (-77.2643000 39.1755000)","Germantown city"
"POLYGON ((-77.1605469 38.8916500, -77.1605469 37.6355500, -76.9654500 37.6355500, -76.9654500 38.8916500, -77.1605469 38.8916500))","Arlington"
"POINT (-77.1011000 38.8786000)","Arlington city"
"POLYGON ((-77.1605469 40.0777602, -77.1605469 38.8916500, -76.9654500 38.8916500, -76.9654500 40.0777602, -77.1605469 40.0777602))","Washington"
"POINT (-77.0163000 38.9047000)","Washington city"
"POLYGON ((-76.9654500 39.8352188, -76.9654500 36.0319375, -76.0780000 36.0319375, -76.0780000 39.8352188, -76.9654500 39.8352188))","Baltimore"
"POINT (-76.6144000 39.3051000)","Baltimore city"
"POLYGON ((-76.0780000 38.2375000, -76.0780000 36.0319375, -66.0761000 36.0319375, -66.0761000 38.2375000, -76.0780000 38.2375000))","Virginia Beach"
"POINT (-76.0435000 36.7335000)","Virginia Beach city"
"POLYGON ((-76.0780000 39.8352188, -76.0780000 38.2375000, -66.0761000 38.2375000, -66.0761000 39.8352188, -76.0780000 39.8352188))","Wilmington"
"POINT (-75.5416000 39.7415000)","Wilmington city"
"POLYGON ((-76.9654500 40.0248500, -76.9654500 39.8352188, -75.1331844 39.8352188, -75.1331844 40.0248500, -76.9654500 40.0248500))","Philadelphia"
"POINT (-75.1339000 40.0077000)","Philadelphia city"
"POLYGON ((-76.9654500 40.0777602, -76.9654500 40.0248500, -75.1331844 40.0248500, -75.1331844 40.0777602, -76.9654500 40.0777602))","Lancaster"
"POINT (-76.3012000 40.0420000)","Lancaster city"
"POLYGON ((-75.1331844 39.9628000, -75.1331844 39.8352188, -66.0761000 39.8352188, -66.0761000 39.9628000, -75.1331844 39.9628000))","Camden"
"POINT (-75.1073000 39.9361000)","Camden city"
"POLYGON ((-75.1331844 40.0777602, -75.1331844 39.9628000, -66.0761000 39.9628000, -66.0761000 40.0777602, -75.1331844 40.0777602))","Toms River"
"POINT (-74.1654000 39.9895000)","Toms River city"
"POLYGON ((-87.6894051 41.0079500, -87.6894051 40.0777602, -85.5368000 40.0777602, -85.5368000 41.0079500, -87.6894051 41.0079500))","Lafayette"
"POINT (-86.8593000 40.3991000)","Lafayette city"
"POLYGON ((-87.6894051 41.6747375, -87.6894051 41.0079500, -85.5368000 41.0079500, -85.5368000 41.6747375, -87.6894051 41.6747375))","Hammond"
"POINT (-87.4909000 41.6168000)","Hammond city"
"POLYGON ((-85.5368000 41.3763000, -85.5368000 40.0777602, -83.3495562 40.0777602, -83.3495562 41.3763000, -85.5368000 41.3763000))","Fort Wayne"
"POINT (-85.1436000 41.0888000)","Fort Wayne city"
"POLYGON ((-85.5368000 41.6747375, -85.5368000 41.3763000, -83.3495562 41.3763000, -83.3495562 41.6747375, -85.5368000 41.6747375))","Toledo"
"POINT (-83.5827000 41.6638000)","Toledo city"
"POLYGON ((-87.6894051 41.7571000, -87.6894051 41.6747375, -85.7088000 41.6747375, -85.7088000 41.7571000, -87.6894051 41.7571000))","South Bend"
"POINT (-86.2696000 41.6767000)","South Bend city"
"POLYGON ((-87.6894051 42.4153953, -87.6894051 41.7571000, -85.7088000 41.7571000, -85.7088000 42.4153953, -87.6894051 42.4153953))","Chicago"
"POINT (-87.6866000 41.8375000)","Chicago city"
"POLYGON ((-85.7088000 42.2754000, -85.7088000 41.6747375, -83.3495562 41.6747375, -83.3495562 42.2754000, -85.7088000 42.2754000))","Kalamazoo"
"POINT (-85.5882000 42.2749000)","Kalamazoo city"
"POLYGON ((-85.7088000 42.4153953, -85.7088000 42.2754000, -83.3495562 42.2754000, -83.3495562 42.4153953, -85.7088000 42.4153953))","Ann Arbor"
"POINT (-83.7310000 42.2759000)","Ann Arbor city"
"POLYGON ((-83.3495562 41.4115500, -83.3495562 40.0777602, -80.7491000 40.0777602, -80.7491000 41.4115500, -83.3495562 41.4115500))","Akron"
"POINT (-81.5219000 41.0798000)","Akron city"
"POLYGON ((-80.7491000 40.7176500, -80.7491000 40.0777602, -76.0371898 40.0777602, -76.0371898 40.7176500, -80.7491000 40.7176500))","Pittsburgh"
"POINT (-79.9763000 40.4397000)","Pittsburgh city"
"POLYGON ((-80.7491000 41.4115500, -80.7491000 40.7176500, -76.0371898 40.7176500, -76.0371898 41.4115500, -80.7491000 41.4115500))","New Castle"
"POINT (-80.3458000 40.9956000)","New Castle city"
"POLYGON ((-83.3495562 41.9121500, -83.3495562 41.4115500, -81.9664875 41.4115500, -81.9664875 41.9121500, -83.3495562 41.9121500))","Lorain"
"POINT (-82.1840000 41.4409000)","Lorain city"
"POLYGON ((-83.3495562 42.4153953, -83.3495562 41.9121500, -81.9664875 41.9121500, -81.9664875 42.4153953, -83.3495562 42.4153953))","Detroit"
"POINT (-83.1024000 42.3834000)","Detroit city"
"POLYGON ((-81.9664875 41.7965500, -81.9664875 41.4115500, -76.0371898 41.4115500, -76.0371898 41.7965500, -81.9664875 41.7965500))","Cleveland"
"POINT (-81.6805000 41.4764000)","Cleveland city"
"POLYGON ((-81.9664875 42.4153953, -81.9664875 41.7965500, -76.0371898 41.7965500, -76.0371898 42.4153953, -81.9664875 42.4153953))","Erie"
"POINT (-80.0733000 42.1167000)","Erie city"
"POLYGON ((-87.6894051 42.8380500, -87.6894051 42.4153953, -84.3416000 42.4153953, -84.3416000 42.8380500, -87.6894051 42.8380500))","Lansing"
"POINT (-84.5601000 42.7142000)","Lansing city"
"POLYGON ((-87.6894051 42.9997250, -87.6894051 42.8380500, -84.3416000 42.8380500, -84.3416000 42.9997250, -87.6894051 42.9997250))","Grand Rapids"
"POINT (-85.6562000 42.9619000)","Grand Rapids city"
"POLYGON ((-84.3416000 42.5375500, -84.3416000 42.4153953, -81.7759500 42.4153953, -81.7759500 42.5375500, -84.3416000 42.5375500))","Warren"
"POINT (-83.0270000 42.4934000)","Warren city"
"POLYGON ((-84.3416000 42.9997250, -84.3416000 42.5375500, -81.7759500 42.5375500, -81.7759500 42.9997250, -84.3416000 42.9997250))","Troy"
"POINT (-83.1457000 42.5817000)","Troy city"
"POLYGON ((-87.6894051 44.8860500, -87.6894051 42.9997250, -85.5501500 42.9997250, -85.5501500 44.8860500, -87.6894051 44.8860500))","Muskegon"
"POINT (-86.2562000 43.2281000)","Muskegon city"
"POLYGON ((-87.6894051 48.3822000, -87.6894051 44.8860500, -85.5501500 44.8860500, -85.5501500 48.3822000, -87.6894051 48.3822000))","Marquette"
"POINT (-87.4082000 46.5440000)","Marquette city"
"POLYGON ((-85.5501500 43.2217500, -85.5501500 42.9997250, -81.7759500 42.9997250, -81.7759500 43.2217500, -85.5501500 43.2217500))","Flint"
"POINT (-83.6921000 43.0236000)","Flint city"
"POLYGON ((-85.5501500 48.3822000, -85.5501500 43.2217500, -81.7759500 43.2217500, -81.7759500 48.3822000, -85.5501500 48.3822000))","Saginaw"
"POINT (-83.9501000 43.4199000)","Saginaw city"
"POLYGON ((-81.7759500 42.9427000, -81.7759500 42.4153953, -78.6967000 42.4153953, -78.6967000 42.9427000, -81.7759500 42.9427000))","Buffalo"
"POINT (-78.8487000 42.9018000)","Buffalo city"
"POLYGON ((-81.7759500 43.3503250, -81.7759500 42.9427000, -78.6967000 42.9427000, -78.6967000 43.3503250, -81.7759500 43.3503250))","London"
"POINT (-81.2497000 42.9836000)","London city"
"POLYGON ((-78.6967000 43.1043500, -78.6967000 42.4153953, -76.0371898 42.4153953, -76.0371898 43.1043500, -78.6967000 43.1043500))","Syracuse"
"POINT (-76.1437000 43.0407000)","Syracuse city"
"POLYGON ((-78.6967000 43.3503250, -78.6967000 43.1043500, -76.0371898 43.1043500, -76.0371898 43.3503250, -78.6967000 43.3503250))","Rochester"
"POINT (-77.6162000 43.1680000)","Rochester city"
"POLYGON ((-81.7759500 48.3822000, -81.7759500 43.3503250, -80.1916500 43.3503250, -80.1916500 48.3822000, -81.7759500 48.3822000))","Sudbury"
"POINT (-81.0100000 46.4900000)","Sudbury city"
"POLYGON ((-80.1916500 43.6708500, -80.1916500 43.3503250, -76.0371898 43.3503250, -76.0371898 43.6708500, -80.1916500 43.6708500))","Mississauga"
"POINT (-79.6500000 43.6000000)","Mississauga city"
"POLYGON ((-80.1916500 48.3822000, -80.1916500 43.6708500, -76.0371898 43.6708500, -76.0371898 48.3822000, -80.1916500 48.3822000))","Toronto"
"POINT (-79.3733000 43.7417000)","Toronto city"
"POLYGON ((-76.0371898 40.4099000, -76.0371898 40.0777602, -74.4203500 40.0777602, -74.4203500 40.4099000, -76.0371898 40.4099000))","Trenton"
"POINT (-74.7641000 40.2237000)","Trenton city"
"POLYGON ((-76.0371898 40.7224641, -76.0371898 40.4099000, -74.4203500 40.4099000, -74.4203500 40.7224641, -76.0371898 40.7224641))","Allentown"
"POINT (-75.4756000 40.5961000)","Allentown city"
"POLYGON ((-74.4203500 40.6921000, -74.4203500 40.0777602, -73.9446625 40.0777602, -73.9446625 40.6921000, -74.4203500 40.6921000))","Elizabeth"
"POINT (-74.1913000 40.6658000)","Elizabeth city"
"POLYGON ((-74.4203500 40.7224641, -74.4203500 40.6921000, -73.9446625 40.6921000, -73.9446625 40.7224641, -74.4203500 40.7224641))","Jersey City"
"POINT (-74.0686000 40.7184000)","Jersey City city"
"POLYGON ((-76.0371898 41.7529000, -76.0371898 40.7224641, -74.9502500 40.7224641, -74.9502500 41.7529000, -76.0371898 41.7529000))","Scranton"
"POINT (-75.6649000 41.4044000)","Scranton city"
"POLYGON ((-76.0371898 42.1029367, -76.0371898 41.7529000, -74.9502500 41.7529000, -74.9502500 42.1029367, -76.0371898 42.1029367))","Binghamton"
"POINT (-75.9093000 42.1014000)","Binghamton city"
"POLYGON ((-74.9502500 40.9393500, -74.9502500 40.7224641, -73.9446625 40.7224641, -73.9446625 40.9393500, -74.9502500 40.9393500))","Newark"
"POINT (-74.1725000 40.7245000)","Newark city"
"POLYGON ((-74.9502500 42.1029367, -74.9502500 40.9393500, -73.9446625 40.9393500, -73.9446625 42.1029367, -74.9502500 42.1029367))","New City"
"POINT (-73.9912000 41.1542000)","New City city"
"POLYGON ((-73.9446625 40.8204500, -73.9446625 40.0777602, -73.7567250 40.0777602, -73.7567250 40.8204500, -73.9446625 40.8204500))","New York"
"POINT (-73.9249000 40.6943000)","New York city"
"POLYGON ((-73.9446625 40.9529250, -73.9446625 40.8204500, -73.7567250 40.8204500, -73.7567250 40.9529250, -73.9446625 40.9529250))","Yonkers"
"POINT (-73.8673000 40.9466000)","Yonkers city"
"POLYGON ((-73.7567250 40.7234000, -73.7567250 40.0777602, -66.0761000 40.0777602, -66.0761000 40.7234000, -73.7567250 40.7234000))","Hempstead"
"POINT (-73.6089000 40.6629000)","Hempstead city"
"POLYGON ((-73.7567250 40.9529250, -73.7567250 40.7234000, -66.0761000 40.7234000, -66.0761000 40.9529250, -73.7567250 40.9529250))","Brentwood"
"POINT (-73.2522000 40.7839000)","Brentwood city"
"POLYGON ((-73.9446625 41.4789500, -73.9446625 40.9529250, -72.3070500 40.9529250, -72.3070500 41.4789500, -73.9446625 41.4789500))","Bridgeport"
"POINT (-73.1954000 41.1918000)","Bridgeport city"
"POLYGON ((-73.9446625 42.1029367, -73.9446625 41.4789500, -72.3070500 41.4789500, -72.3070500 42.1029367, -73.9446625 42.1029367))","Hartford"
"POINT (-72.6834000 41.7661000)","Hartford city"
"POLYGON ((-72.3070500 42.1029367, -72.3070500 40.9529250, -66.0761000 40.9529250, -66.0761000 42.1029367, -72.3070500 42.1029367))","Providence"
"POINT (-71.4187000 41.8230000)","Providence city"
"POLYGON ((-76.0371898 43.5770000, -76.0371898 42.1029367, -73.1691000 42.1029367, -73.1691000 43.5770000, -76.0371898 43.5770000))","Albany"
"POINT (-73.7987000 42.6664000)","Albany city"
"POLYGON ((-76.0371898 44.7163500, -76.0371898 43.5770000, -73.1691000 43.5770000, -73.1691000 44.7163500, -76.0371898 44.7163500))","Burlington"
"POINT (-73.2316000 44.4876000)","Burlington city"
"POLYGON ((-73.1691000 44.7163500, -73.1691000 42.1029367, -72.0879125 42.1029367, -72.0879125 44.7163500, -73.1691000 44.7163500))","Springfield"
"POINT (-72.5395000 42.1155000)","Springfield city"
"POLYGON ((-76.0371898 45.4540000, -76.0371898 44.7163500, -74.6283500 44.7163500, -74.6283500 45.4540000, -76.0371898 45.4540000))","Ottawa"
"POINT (-75.6950000 45.4247000)","Ottawa city"
"POLYGON ((-76.0371898 48.3822000, -76.0371898 45.4540000, -74.6283500 45.4540000, -74.6283500 48.3822000, -76.0371898 48.3822000))","Gatineau"
"POINT (-75.6500000 45.4833000)","Gatineau city"
"POLYGON ((-74.6283500 45.5461000, -74.6283500 44.7163500, -72.0879125 44.7163500, -72.0879125 45.5461000, -74.6283500 45.5461000))","Montreal"
"POINT (-73.5617000 45.5089000)","Montreal city"
"POLYGON ((-74.6283500 48.3822000, -74.6283500 45.5461000, -72.0879125 45.5461000, -72.0879125 48.3822000, -74.6283500 48.3822000))","Laval"
"POINT (-73.7500000 45.5833000)","Laval city"
"POLYGON ((-72.0879125 42.3776000, -72.0879125 42.1029367, -71.1479500 42.1029367, -71.1479500 42.3776000, -72.0879125 42.3776000))","Norfolk"
"POINT (-71.3295000 42.1163000)","Norfolk city"
"POLYGON ((-72.0879125 42.7035000, -72.0879125 42.3776000, -71.1479500 42.3776000, -71.1479500 42.7035000, -72.0879125 42.7035000))","Lowell"
"POINT (-71.3217000 42.6389000)","Lowell city"
"POLYGON ((-71.1479500 42.3984500, -71.1479500 42.1029367, -66.0761000 42.1029367, -66.0761000 42.3984500, -71.1479500 42.3984500))","Boston"
"POINT (-71.0852000 42.3188000)","Boston city"
"POLYGON ((-71.1479500 42.7035000, -71.1479500 42.3984500, -66.0761000 42.3984500, -66.0761000 42.7035000, -71.1479500 42.7035000))","Lynn"
"POINT (-70.9664000 42.4781000)","Lynn city"
"POLYGON ((-72.0879125 44.8993500, -72.0879125 42.7035000, -70.7736250 42.7035000, -70.7736250 44.8993500, -72.0879125 44.8993500))","Manchester"
"POINT (-71.4447000 42.9848000)","Manchester city"
"POLYGON ((-72.0879125 48.3822000, -72.0879125 44.8993500, -70.7736250 44.8993500, -70.7736250 48.3822000, -72.0879125 48.3822000))","Quebec City"
"POINT (-71.2081000 46.8139000)","Quebec City city"
"POLYGON ((-70.7736250 44.4789500, -70.7736250 42.7035000, -66.0761000 42.7035000, -66.0761000 44.4789500, -70.7736250 44.4789500))","Portland"
"POINT (-70.2715000 43.6773000)","Portland city"
"POLYGON ((-70.7736250 48.3822000, -70.7736250 44.4789500, -66.0761000 44.4789500, -66.0761000 48.3822000, -70.7736250 48.3822000))","Saint John"
"POINT (-66.0761000 45.2806000)","Saint John city"
